﻿Designator,Footprint,Quantity,Value,LCSC Part #
"C1, C2, C3, C41, C43, C44",1206,6,"4.7uF, 50V",C29823
"C10, C33, C34, C37",1206,4,"10uF, 50V",C13585
"C11, C22",0402,2,"10nF, 6.3V",C15195
C12,0402,1,22pF,C1555
"C13, C14, C20",0402,3,"2.2uF, 10V",C77002
"C15, C16",0402,2,"15pF, 50V",C1548
C18,CP_Elec_6.3x7.7,1,220uF,C4747974
"C21, C38, C39, C4, C40, C5, C6",0402,7,1uF,C52923
"C23, C26, C42, C45, C46, C7, C8, C9, C900",0402,9,"100nF, 50V",C307331
"C24, C25",0402,2,390pF,C282239
"C27, C28, C32",0603,3,"100nF, 50V",C14663 
C29,C_Rect_L9.0mm_W4.0mm_P7.50mm_MKT,1,"250nF, 100V",C841196
"C30, C31",0603,2,15nF,C1596 
"C35, C36, C800",0603,3,"2.2uF, 50V",C913904
"D1, D18, D19, D2, D20, D3, D42",D_SOD-523,7,Z3V3,C2891760
"D10, D84",0603,2,LED_Green,C965804
D11,SOT-23-3,1,ESDA6V1L,C587141
D13,DFN1610-2,1,ESDA25P35-1U1M,C19829649
"D14, D8",D_SOD-323,2,1N5819,C191023
"D15, D16, D17, D4, D5, D6",D_SOD-523,6,SDM20U40-7,C139439
"D7, D9",0603,2,LED_YELLOW,C72038
D83,0603,1,LED_Blue,C965807
FB1,0402,1,BLM15BX601SN1D,C710336
"J1, J12, J9",JST_SH_1x06_Vertical,3,JST SR/SZ,C160392
J10,DC-005C_1,1,VIN_BARREL,C84007
J11,DC-005C_1,1,Barrel_Jack,C84007
J13,PinHeader_1x04_P2.54mm_Vertical,1,Conn_01x04,
"J2, J3, J4",TerminalBlock_Ningbo_2P_5mm,3,Screw_Terminal_01x02,C557646
"J5, J8",JST_PH_B6B-PH-K_1x06_P2.00mm_Vertical,2,Conn_01x06,
J6,TerminalBlock_Ningbo_2P_5mm,1,Wireless Coil,C557646
J7,TerminalBlock_Ningbo_2P_5mm,1,VIN_TERMINAL,C557646
JP1,PinSocket_1x02_P2.54mm_Vertical,1,Qi_Enable,
JP2,SolderJumper-2-Small,1,VCC-bypass,
JP4,PinSocket_1x02_P2.54mm_Vertical,1,Qi_D-,
JP5,PinSocket_1x02_P2.54mm_Vertical,1,Qi_D+,
JP6,PinSocket_1x02_P2.54mm_Vertical,1,Qi_CC2,
JP7,PinSocket_1x02_P2.54mm_Vertical,1,Qi_CC1,
L1,1210,1,4.7uH,C98354
"Q1, Q2, Q3, Q4, Q5, Q6",DFN-8-2EP_6x5mm,6,~,C238670
"R1, R10, R11, R12, R19, R21, R3, R37, R38, R4, R6, R7",0402,12,10R,C25077
"R13, R22, R39, R44, R52, R60",1206,6,2mR,C710257
"R14, R23, R46, R50, R54, R62",0402,6,22K,C25768
"R15, R16, R18, R24, R25, R36, R42, R45, R47, R49, R51, R53, R55, R57, R58, R61, R63, R65, R66",0402,19,2K2,C25879
"R17, R32, R43, R48, R56, R59, R64",0402,7,15K,C25756
"R2, R30, R31, R5, R67, R8",0402,6,1K,C11702
"R20, R26, R27",0603,3,100K,C25803 
R200,0402,1,100K,C25741
"R28, R29",0603,2,1K,C21190 
R300,0402,1,13K,C25754
R33,0603,1,20mR,C156372
R34,0603,1,10K,C25804 
R35,0603,1,33K,C4216 
R40,0402,1,20K,C25765
R41,0402,1,10K NTC,C77131
R9,0603,1,3K3,C22978 
SW2,button-3.6x6mm,1,boot-red,C255802
SW3,button-3.6x6mm,1,user1-white,C455236
TP1,GE_TestPoint_Loop,1,GND,
TP2,GE_TestPoint_Loop,1,QI_PGND,
TP3,GE_TestPoint_Loop,1,RST,
TP4,GE_TestPoint_Loop,1,TP_DEBUG,
U1,TSOT-23-6,1,SY8113BADC,C78989
U10,SOT-666,1,USBLC6-2P6,C2827693
U11,QFN-32-1EP_5x5mm_P0.5mm_EP3.7x3.7mm,1,IP6826,C2921390
"U12, U2",TSSOP-20_4.4x6.5mm_P0.65mm,2,FD8288T (DRV8300),C97683
U3,SOT-23-5,1,SPX3819M5-L-3-3,C9055
U4,LQFP-64_10x10mm_P0.5mm,1,STM32G474RETx,C521608
U5,JST_SH_BM04B-SRSS-TB_1x04-1MP_P1.00mm_Vertical,1,Qwiic1,C160390
"U6, U9",USB_TYPE-C-31-M-12,2,USB_C_Receptacle,C165948
U8,Crystal_SMD_3225-4Pin_3.2x2.5mm,1,ABM3B-8.000MHZ,C400090
