﻿Designator,Footprint,Quantity,Value,LCSC Part #
"C1, C2, C3, C41, C43, C44",1206,6,"4.7uF,50V",C29823
"C10, C33, C34, C37",1206,4,"10uF,50V",C13585
C11,0402,1,"10nF, 6.3V",C15195
C12,0402,1,22pF,C1555
C13,0402,1,"2.2uF, 6.3V",C12530
C14,0402,1,"2.2uF, 10V",C77002
"C15, C16",0402,2,15pF,C1548
"C17, C42, C900",0402,3,100nF,C307331
"C18, C19",CP_Elec_6.3x7.7,2,220uF,C4747974
C20,0402,1,2.2uF,C77002
C21,0402,1,1uF,
C22,0402,1,10nF,
"C24, C25",0402,2,390pF,C282239
C26,0402,1,"100nF, 50V",C307331
"C27, C28, C32",0402,3,100nF,
C29,C_Rect_L9.0mm_W4.0mm_P7.50mm_MKT,1,250nF,C841196
"C30, C31",0402,2,15nF,C696852
"C35, C36",0603,2,2.2uF,C913904
"C38, C39, C4, C40, C5, C6",0402,6,1uF,C52923
"C7, C8, C9",0402,3,0.1uF,
C800,0603,1,"2.2uF, 50V",C913904
"D10, D84",0603,2,LED_Green,
D11,SOT-23-3,1,ESDA6V1L,C587141
D13,DFN1610-2,1,ESDA25P35-1U1M,C19829649
"D14, D8",D_SOD-323,2,1N5819,C191023
"D15, D16, D17, D4, D5, D6",D_SOD-523,6,SDM20U40-7,C139439
"D18, D19, D20, D42",D_SOD-323_HandSoldering,4,Z3V3,C75073
D7,D_SOD-323,1,Z5V6,C22612
D83,0603,1,LED_Blue,
D9,0603,1,LED_Red,
FB1,0402,1,BLM15BX601SN1D,C710336
"J1, J12, J9",JST_SH_1x06_Vertical,3,JST SR/SZ,C160392
J10,DC-005C_1,1,VIN_BARREL,C84007
J11,DC-005C_1,1,Barrel_Jack,C84007
"J2, J3, J4",TerminalBlock_Ningbo_2P_5mm,3,Screw_Terminal_01x02,C557646
"J5, J8",JST_PH_B6B-PH-K_1x06_P2.00mm_Vertical,2,Conn_01x06,
J6,TerminalBlock_Ningbo_2P_5mm,1,Wireless Coil,C557646
J7,TerminalBlock_Ningbo_2P_5mm,1,VIN_TERMINAL,C557646
JP1,PinSocket_1x02_P2.54mm_Vertical,1,Qi_Enable,
JP2,PinSocket_1x02_P2.54mm_Vertical,1,VRAW to VCC,
JP3,PinSocket_1x02_P2.54mm_Vertical,1,Fets_Enable1,
L1,1210,1,4.7uH,C86070
"Q1, Q10, Q11, Q12, Q13, Q2, Q3, Q4, Q5, Q6, Q8, Q9",LFPAK56,12,YJG150N03A,C919573
Q7,SOT-23-small,1,AO3401A,C15127
"R19, R21, R22, R23, R24, R25, R38, R39, R50, R51, R58, R59",0402,12,10R,C25077
"R2, R28, R29, R30, R31, R8",0402,6,1K,C11702
"R20, R200, R26, R27",0402,4,100K,C25741
R300,0402,1,13K,C25754
R33,0603,1,20mR,C156372
"R34, R5",0402,2,10K,C25744
R35,0402,1,33K,C25779
R40,0402,1,20K,C25765
R41,0402,1,10K NTC,C77131
"R42, R45, R47, R49, R53, R55, R57, R61, R63, R65",0402,10,2K2,C25879
"R43, R48, R56, R64",0402,4,15K,C25756
"R44, R52, R60",1206,3,1mR,C7467246
"R46, R54, R62",0402,3,22K,C25768
R9,0402,1,3K3,C25890
SW1,Button_SKRKAEE020,1,reset,C115357
TP1,GE_TestPoint_Loop,1,GND,
"TP10, TP5",GE_TestPoint_Loop,2,TP_CC2,
TP2,GE_TestPoint_Loop,1,TP_DM,
TP3,GE_TestPoint_Loop,1,TP_DP,
TP4,GE_TestPoint_Loop,1,TP_DEBUG,
"TP6, TP9",GE_TestPoint_Loop,2,TP_CC1,
TP7,GE_TestPoint_Loop,1,SWDIO,
TP8,GE_TestPoint_Loop,1,SWCLK,
U1,TSOT-23-6,1,SY8113BADC,C78989
U10,SOT-666,1,USBLC6-2P6,C2827693
U11,QFN-32-1EP_5x5mm_P0.5mm_EP3.7x3.7mm,1,IP6826,C2921390
"U12, U2",TSSOP-20_4.4x6.5mm_P0.65mm,2,FD8288T (DRV8300),C97683
U13,JST_SH_BM04B-SRSS-TB_1x04-1MP_P1.00mm_Vertical,1,Qwiic1,C160390
U3,SOT-23-5,1,SPX3819M5-L-3-3,C9055
U7,QFN-48-1EP_7x7mm_P0.5mm_EP5.6x5.6mm,1,STM32G431CBUx,
U8,Crystal_SMD_3225-4Pin_3.2x2.5mm,1,ABM3B-8.000MHZ,C400090
U9,USB_TYPE-C-31-M-12,1,USB_C_Receptacle,C165948
